{"name":"e80fca03-ed3b-4782-83ec-4bd105a4e30f","id":"/providers/Microsoft.Flow/flows/e80fca03-ed3b-4782-83ec-4bd105a4e30f","type":"Microsoft.Flow/flows","properties":{"apiId":"/providers/Microsoft.PowerApps/apis/shared_logicflows","displayName":"Reto 2: Save collection","definition":{"metadata":{"workflowEntityId":null,"flowclientsuspensionreason":"None","flowclientsuspensiontime":null,"creator":{"id":"76d892a9-af2c-457d-afac-423f156bd51d","type":"User","tenantId":"6f70791a-c7d6-4b12-877a-a044355012a8"},"provisioningMethod":"FromDefinition","failureAlertSubscription":true,"clientLastModifiedTime":"2020-10-01T20:40:29.2157948Z"},"$schema":"https://schema.management.azure.com/providers/Microsoft.Logic/schemas/2016-06-01/workflowdefinition.json#","contentVersion":"1.0.0.0","parameters":{"$connections":{"defaultValue":{},"type":"Object"},"$authentication":{"defaultValue":{},"type":"SecureObject"}},"triggers":{"manual":{"type":"Request","kind":"PowerApp","inputs":{"schema":{"type":"object","properties":{"Var_Value":{"type":"string","description":"Enter initial value","x-ms-powerflows-param-ispartial":false}},"required":["Var_Value"]}}}},"actions":{"Var":{"runAfter":{},"type":"InitializeVariable","inputs":{"variables":[{"name":"Collection","type":"string","value":"@{triggerBody()['Var_Value']}"}]}},"Parse_JSON":{"runAfter":{"Create_table":["Succeeded"]},"type":"ParseJson","inputs":{"content":"@variables('Collection')","schema":{"type":"array","items":{"type":"object","properties":{"Color":{"type":"string"},"Marca":{"type":"string"},"Modelo":{"type":"string"}},"required":["Color","Marca","Modelo"]}}}},"Create_table":{"runAfter":{"Var":["Succeeded"]},"metadata":{"01LZVIJLQPUGPUNVGJVVC3WEUI77JYUX25":"/Coches.xlsx","tableId":null,"01LZVIJLR747HN4G6RUNCLDBIAGJT6YUTR":"/Coches.xlsx"},"type":"OpenApiConnection","inputs":{"host":{"apiId":"/providers/Microsoft.PowerApps/apis/shared_excelonlinebusiness","connectionName":"shared_excelonlinebusiness","operationId":"CreateTable"},"parameters":{"source":"me","drive":"b!XUNPTban8EifF7F6XjKrD6s3t2-rzWFDqPrjRL8ppqUZUn7o8NPaTZSJ9Ziju0bZ","file":"01LZVIJLR747HN4G6RUNCLDBIAGJT6YUTR","table/Range":"A1:C1","table/TableName":"Coches","table/ColumnsNames":"Marca;Modelo;Color"},"authentication":{"value":"@json(decodeBase64(triggerOutputs().headers['X-MS-APIM-Tokens']))['$ConnectionKey']","type":"Raw"}}},"Apply_to_each_car":{"foreach":"@body('Parse_JSON')","actions":{"Add_a_row_into_a_table":{"runAfter":{},"metadata":{"01LZVIJLQPUGPUNVGJVVC3WEUI77JYUX25":"/Coches.xlsx","tableId":"@outputs('Create_table')?['body/title']"},"type":"OpenApiConnection","inputs":{"host":{"apiId":"/providers/Microsoft.PowerApps/apis/shared_excelonlinebusiness","connectionName":"shared_excelonlinebusiness","operationId":"AddRowV2"},"parameters":{"source":"me","drive":"b!XUNPTban8EifF7F6XjKrD6s3t2-rzWFDqPrjRL8ppqUZUn7o8NPaTZSJ9Ziju0bZ","file":"01LZVIJLQPUGPUNVGJVVC3WEUI77JYUX25","table":"@outputs('Create_table')?['body/title']","item":"@items('Apply_to_each_car')"},"authentication":{"value":"@json(decodeBase64(triggerOutputs().headers['X-MS-APIM-Tokens']))['$ConnectionKey']","type":"Raw"}}}},"runAfter":{"Parse_JSON":["Succeeded"]},"type":"Foreach"}}},"connectionReferences":{"shared_excelonlinebusiness":{"connectionName":"3ddb03db58774e97a3bfaa9def899bf2","source":"Invoker","id":"/providers/Microsoft.PowerApps/apis/shared_excelonlinebusiness","tier":"NotSpecified"}},"flowFailureAlertSubscribed":false}}