{"name":"65789960-54c4-4e20-ade8-de8d6cfa0093","id":"/providers/Microsoft.Flow/flows/65789960-54c4-4e20-ade8-de8d6cfa0093","type":"Microsoft.Flow/flows","properties":{"apiId":"/providers/Microsoft.PowerApps/apis/shared_logicflows","displayName":"Reto 1: Save image OneDrive","definition":{"metadata":{"workflowEntityId":null,"flowclientsuspensionreason":"None","flowclientsuspensiontime":null,"creator":{"id":"76d892a9-af2c-457d-afac-423f156bd51d","type":"User","tenantId":"6f70791a-c7d6-4b12-877a-a044355012a8"},"provisioningMethod":"FromDefinition","failureAlertSubscription":true,"clientLastModifiedTime":"2020-10-01T19:52:29.8864392Z"},"$schema":"https://schema.management.azure.com/providers/Microsoft.Logic/schemas/2016-06-01/workflowdefinition.json#","contentVersion":"1.0.0.0","parameters":{"$connections":{"defaultValue":{},"type":"Object"},"$authentication":{"defaultValue":{},"type":"SecureObject"}},"triggers":{"manual":{"type":"Request","kind":"PowerApp","inputs":{"schema":{"type":"object","properties":{"Varinit_Value":{"type":"string","description":"Enter initial value","x-ms-powerflows-param-ispartial":false},"Imagevalue_Value":{"type":"string","description":"Enter initial value","x-ms-powerflows-param-ispartial":false}},"required":["Varinit_Value","Imagevalue_Value"]}}}},"actions":{"Var_init":{"runAfter":{},"type":"InitializeVariable","inputs":{"variables":[{"name":"Name","type":"string","value":"@{triggerBody()['Varinit_Value']}"}]}},"Image_value":{"runAfter":{"Var_init":["Succeeded"]},"type":"InitializeVariable","inputs":{"variables":[{"name":"ImageValue","type":"string","value":"@{triggerBody()['Imagevalue_Value']}"}]}},"Try":{"actions":{"Create_file_2":{"runAfter":{},"type":"OpenApiConnection","inputs":{"host":{"apiId":"/providers/Microsoft.PowerApps/apis/shared_onedriveforbusiness","connectionName":"shared_onedriveforbusiness","operationId":"CreateFile"},"parameters":{"folderPath":"/","name":"@{variables('Name')}.jpeg","body":"@dataUriToBinary(variables('ImageValue'))"},"authentication":{"value":"@json(decodeBase64(triggerOutputs().headers['X-MS-APIM-Tokens']))['$ConnectionKey']","type":"Raw"}},"runtimeConfiguration":{"contentTransfer":{"transferMode":"Chunked"}}}},"runAfter":{"Var_return":["Succeeded"]},"type":"Scope"},"Var_return":{"runAfter":{"Image_value":["Succeeded"]},"type":"InitializeVariable","inputs":{"variables":[{"name":"Return","type":"boolean","value":"@false"}]}},"Catch":{"actions":{},"runAfter":{"Try":["Failed","TimedOut"]},"type":"Scope"},"Set_variable":{"runAfter":{"Try":["Succeeded"]},"type":"SetVariable","inputs":{"name":"Return","value":"@true"}},"Respond_to_a_PowerApp_or_flow":{"runAfter":{"Catch":["Skipped","Succeeded"],"Set_variable":["Succeeded","Skipped"]},"type":"Response","kind":"PowerApp","inputs":{"statusCode":200,"body":{"result":"@{variables('Return')}"},"schema":{"type":"object","properties":{"result":{"title":"result","x-ms-dynamically-added":true,"type":"boolean"}}}}}}},"connectionReferences":{"shared_onedriveforbusiness":{"connectionName":"520850ddc25643b5916c499f5f0d7b69","source":"Invoker","id":"/providers/Microsoft.PowerApps/apis/shared_onedriveforbusiness","tier":"NotSpecified"}},"flowFailureAlertSubscribed":false}}