{"name":"668fa844-0006-4404-952b-0a977bece71c","id":"/providers/Microsoft.Flow/flows/668fa844-0006-4404-952b-0a977bece71c","type":"Microsoft.Flow/flows","properties":{"apiId":"/providers/Microsoft.PowerApps/apis/shared_logicflows","displayName":"Reto 4: return boolean & message","definition":{"metadata":{"workflowEntityId":null,"flowclientsuspensionreason":"None","flowclientsuspensiontime":null,"creator":{"id":"76d892a9-af2c-457d-afac-423f156bd51d","type":"User","tenantId":"6f70791a-c7d6-4b12-877a-a044355012a8"},"provisioningMethod":"FromDefinition","failureAlertSubscription":true,"clientLastModifiedTime":"2020-10-01T21:24:01.90322Z"},"$schema":"https://schema.management.azure.com/providers/Microsoft.Logic/schemas/2016-06-01/workflowdefinition.json#","contentVersion":"1.0.0.0","parameters":{"$connections":{"defaultValue":{},"type":"Object"},"$authentication":{"defaultValue":{},"type":"SecureObject"}},"triggers":{"manual":{"type":"Request","kind":"PowerApp","inputs":{"schema":{"type":"object","properties":{"VarMessage_Value":{"type":"string","description":"Enter initial value","x-ms-powerflows-param-ispartial":false},"VartoManager_Value":{"type":"boolean","description":"Enter initial value","x-ms-powerflows-param-ispartial":false},"Vartocoworker_Value":{"type":"boolean","description":"Enter initial value","x-ms-powerflows-param-ispartial":false},"Getmanager(V2)_User(UPN)":{"type":"string","description":"User principal name or email id","x-ms-powerflows-param-ispartial":false}},"required":["VarMessage_Value","VartoManager_Value","Vartocoworker_Value","Getmanager(V2)_User(UPN)"]}}}},"actions":{"Var_Message":{"runAfter":{},"type":"InitializeVariable","inputs":{"variables":[{"name":"Message","type":"string","value":"@triggerBody()['VarMessage_Value']"}]}},"Var_toManager":{"runAfter":{"Var_Message":["Succeeded"]},"type":"InitializeVariable","inputs":{"variables":[{"name":"toManager","type":"boolean","value":"@triggerBody()['VartoManager_Value']"}]}},"Var_tocoworker":{"runAfter":{"Var_toManager":["Succeeded"]},"type":"InitializeVariable","inputs":{"variables":[{"name":"toCoworker","type":"boolean","value":"@triggerBody()['Vartocoworker_Value']"}]}},"Get_manager_(V2)":{"runAfter":{"Var_tocoworker":["Succeeded"]},"type":"OpenApiConnection","inputs":{"host":{"apiId":"/providers/Microsoft.PowerApps/apis/shared_office365users","connectionName":"shared_office365users","operationId":"Manager_V2"},"parameters":{"id":"@triggerBody()['Getmanager(V2)_User(UPN)']"},"authentication":{"value":"@json(decodeBase64(triggerOutputs().headers['X-MS-APIM-Tokens']))['$ConnectionKey']","type":"Raw"}}},"send_to_manager":{"actions":{"Try":{"actions":{"Post_message_Teams_to_Manager":{"runAfter":{},"type":"OpenApiConnection","inputs":{"host":{"apiId":"/providers/Microsoft.PowerApps/apis/shared_teams","connectionName":"shared_teams","operationId":"PostUserNotification"},"parameters":{"PostNotificationRequest/messageTitle":"@{triggerBody()['Getmanager(V2)_User(UPN)']} needs help","PostNotificationRequest/recipient/to":"@{outputs('Get_manager_(V2)')?['body/mail']};","PostNotificationRequest/messageBody":"@variables('Message')"},"authentication":{"value":"@json(decodeBase64(triggerOutputs().headers['X-MS-APIM-Tokens']))['$ConnectionKey']","type":"Raw"}}}},"runAfter":{},"type":"Scope"},"Catch":{"actions":{"Respond_failed_manager":{"runAfter":{},"type":"Response","kind":"PowerApp","inputs":{"statusCode":200,"body":{"result":false,"message":"Ha habido un error al enviar el mensaje a tu Mánager"},"schema":{"type":"object","properties":{"result":{"title":"result","x-ms-dynamically-added":true,"type":"boolean"},"message":{"title":"message","x-ms-dynamically-added":true,"type":"string"}}}}}},"runAfter":{"Try":["Failed","TimedOut"]},"type":"Scope"}},"runAfter":{"Get_manager_(V2)":["Succeeded"]},"expression":{"equals":["@variables('toManager')",""]},"type":"If"},"send_to_coworker":{"actions":{"Catch_coworker":{"actions":{"Respond_failed_coworker":{"runAfter":{},"type":"Response","kind":"PowerApp","inputs":{"statusCode":200,"body":{"result":false,"message":"Ha habido un error al enviar el mensaje a tu compañero"},"schema":{"type":"object","properties":{"result":{"title":"result","x-ms-dynamically-added":true,"type":"boolean"},"message":{"title":"message","x-ms-dynamically-added":true,"type":"string"}}}}}},"runAfter":{"Try_coworker":["Failed","TimedOut"]},"type":"Scope"},"Try_coworker":{"actions":{"Post_message__teams_to_coworker":{"runAfter":{},"type":"OpenApiConnection","inputs":{"host":{"apiId":"/providers/Microsoft.PowerApps/apis/shared_teams","connectionName":"shared_teams","operationId":"PostUserNotification"},"parameters":{"PostNotificationRequest/messageTitle":"@{triggerBody()['Getmanager(V2)_User(UPN)']} needs help","PostNotificationRequest/recipient/to":"batman@powertenant.onmicrosoft.com;","PostNotificationRequest/messageBody":"@variables('Message')"},"authentication":{"value":"@json(decodeBase64(triggerOutputs().headers['X-MS-APIM-Tokens']))['$ConnectionKey']","type":"Raw"}}}},"runAfter":{},"type":"Scope"}},"runAfter":{"send_to_manager":["Succeeded"]},"expression":{"equals":["@variables('toCoworker')",""]},"type":"If"},"Respond_everything_OK":{"runAfter":{"send_to_coworker":["Succeeded"]},"type":"Response","kind":"PowerApp","inputs":{"statusCode":200,"body":{"result":true,"message":"Mensaje/s enviado/s correctamente"},"schema":{"type":"object","properties":{"result":{"title":"result","x-ms-dynamically-added":true,"type":"boolean"},"message":{"title":"message","x-ms-dynamically-added":true,"type":"string"}}}}}}},"connectionReferences":{"shared_office365users":{"connectionName":"264eddeaaeb24cb5a2797ca07fddd94a","source":"Invoker","id":"/providers/Microsoft.PowerApps/apis/shared_office365users","tier":"NotSpecified"},"shared_teams":{"connectionName":"shared-teams-5e523379-96c2-4773-bb40-31c58bee7a07","source":"Invoker","id":"/providers/Microsoft.PowerApps/apis/shared_teams","tier":"NotSpecified"}},"flowFailureAlertSubscribed":false}}